forecast_termin,runended,time,temperature,windDirection,windSpeed_mps,windSpeed_beaufort,windSpeed_name,windGust,humidity,pressure,cloudiness,lowClouds,mediumClouds,highClouds,dewpointTemperature,windSpeed_kmh,row_id,location
2026-07-26T17:00:00Z,2026-07-26T17:16:33Z,2026-07-26T17:00:00Z,25.5,200.7,10.5,5,Frisk bris,,94,1003.5,100,100,60.9,100,24.5,37.8,1,Stanley
2026-07-26T17:00:00Z,2026-07-26T17:16:33Z,2026-07-26T18:00:00Z,25.3,203.6,11.1,6,Liten kuling,,96.9,1003.4,100,76.6,82.8,100,24.7,39.96,2,Stanley
2026-07-26T17:00:00Z,2026-07-26T17:16:33Z,2026-07-26T19:00:00Z,25.2,211.6,10.5,5,Frisk bris,,97.1,1003.5,100,91.4,93.7,100,24.7,37.8,3,Stanley
2026-07-26T17:00:00Z,2026-07-26T17:16:33Z,2026-07-26T20:00:00Z,25.3,216.9,9.1,5,Frisk bris,,94.1,1003.4,100,95.3,96.9,100,24.2,32.76,4,Stanley
2026-07-26T17:00:00Z,2026-07-26T17:16:33Z,2026-07-26T21:00:00Z,25.2,210.2,8.3,5,Frisk bris,,96.3,1003.8,100,100,100,100,24.6,29.88,5,Stanley
2026-07-26T17:00:00Z,2026-07-26T17:16:33Z,2026-07-26T22:00:00Z,25.2,218,7.8,4,Laber bris,,96,1004,100,75,71.9,100,24.5,28.08,6,Stanley
2026-07-26T17:00:00Z,2026-07-26T17:16:33Z,2026-07-26T23:00:00Z,25.4,221.8,6.7,4,Laber bris,,95.1,1004.5,100,99.2,39.1,99.2,24.6,24.12,7,Stanley
2026-07-26T17:00:00Z,2026-07-26T17:16:33Z,2026-07-27T00:00:00Z,25.4,222.9,7,4,Laber bris,,95.7,1005.2,100,92.2,50,99.2,24.7,25.2,8,Stanley
2026-07-26T17:00:00Z,2026-07-26T17:16:33Z,2026-07-27T01:00:00Z,25.5,232.5,5.4,3,Lett bris,,95.9,1005.8,100,24.2,39.8,100,24.9,19.44,9,Stanley
2026-07-26T17:00:00Z,2026-07-26T17:16:33Z,2026-07-27T02:00:00Z,26.4,240,5.1,3,Lett bris,,95.5,1006.3,100,92.2,64.8,100,25.6,18.36,10,Stanley
2026-07-26T17:00:00Z,2026-07-26T17:16:33Z,2026-07-27T03:00:00Z,27.2,228.3,4.9,3,Lett bris,,91.7,1006.2,100,10.9,16.4,100,25.8,17.64,11,Stanley
2026-07-26T17:00:00Z,2026-07-26T17:16:33Z,2026-07-27T04:00:00Z,28.1,208.7,4.2,3,Lett bris,,86.7,1006,100,10.9,13.3,100,25.7,15.12,12,Stanley
2026-07-26T17:00:00Z,2026-07-26T17:16:33Z,2026-07-27T05:00:00Z,28.5,200.9,3.7,3,Lett bris,,83.7,1005.4,100,14.1,9.4,100,25.5,13.32,13,Stanley
2026-07-26T17:00:00Z,2026-07-26T17:16:33Z,2026-07-27T06:00:00Z,27.4,187.6,4,3,Lett bris,,89.4,1004.8,100,26.6,23.4,100,25.6,14.4,14,Stanley
2026-07-26T17:00:00Z,2026-07-26T17:16:33Z,2026-07-27T07:00:00Z,27.9,168.5,4.3,3,Lett bris,,87.6,1004.1,100,25,31.2,100,25.7,15.48,15,Stanley
2026-07-26T17:00:00Z,2026-07-26T17:16:33Z,2026-07-27T08:00:00Z,28.2,156.4,4.2,3,Lett bris,,84.7,1003.9,99.2,19.5,31.2,99.2,25.5,15.12,16,Stanley
2026-07-26T17:00:00Z,2026-07-26T17:16:33Z,2026-07-27T09:00:00Z,27.7,148.6,5.3,3,Lett bris,,86.5,1004.1,99.2,21.9,22.7,98.4,25.3,19.08,17,Stanley
2026-07-26T17:00:00Z,2026-07-26T17:16:33Z,2026-07-27T10:00:00Z,26.9,129.6,6.2,4,Laber bris,,89.8,1004.7,98.4,27.3,14.1,97.7,25.2,22.32,18,Stanley
2026-07-26T17:00:00Z,2026-07-26T17:16:33Z,2026-07-27T11:00:00Z,26.7,119.9,6.3,4,Laber bris,,92.8,1005.1,96.9,7.8,11.7,96.1,25.5,22.68,19,Stanley
2026-07-26T17:00:00Z,2026-07-26T17:16:33Z,2026-07-27T12:00:00Z,26.6,117.4,6.6,4,Laber bris,,92.3,1005.8,97.7,14.1,9.4,96.9,25.3,23.76,20,Stanley
2026-07-26T17:00:00Z,2026-07-26T17:16:33Z,2026-07-27T13:00:00Z,26.6,121.3,6.4,4,Laber bris,,91.8,1006.5,96.1,23.4,5.5,95.3,25.3,23.04,21,Stanley
2026-07-26T17:00:00Z,2026-07-26T17:16:33Z,2026-07-27T14:00:00Z,26.7,120.4,5.8,4,Laber bris,,91.6,1007.5,75.8,21.1,3.1,68,25.3,20.88,22,Stanley
2026-07-26T17:00:00Z,2026-07-26T17:16:33Z,2026-07-27T15:00:00Z,26.5,125.3,5.8,4,Laber bris,,92.9,1007.9,60.9,21.1,7.8,46.1,25.3,20.88,23,Stanley
2026-07-26T17:00:00Z,2026-07-26T17:16:33Z,2026-07-27T16:00:00Z,26.3,130.5,6.3,4,Laber bris,,92.4,1008,88.3,27.3,30.5,78.1,25,22.68,24,Stanley
2026-07-26T17:00:00Z,2026-07-26T17:16:33Z,2026-07-27T17:00:00Z,26.1,136.8,5.4,3,Lett bris,,93.3,1007.6,98.4,11.7,23.4,97.7,25,19.44,25,Stanley
2026-07-26T17:00:00Z,2026-07-26T17:16:33Z,2026-07-27T18:00:00Z,25.7,140.4,4.3,3,Lett bris,,95.7,1007.3,98.4,28.1,32,96.9,25.1,15.48,26,Stanley
2026-07-26T17:00:00Z,2026-07-26T17:16:33Z,2026-07-27T19:00:00Z,25.6,132.9,4.8,3,Lett bris,,95.8,1006.8,92.2,27.3,18.7,87.5,24.9,17.28,27,Stanley
2026-07-26T17:00:00Z,2026-07-26T17:16:33Z,2026-07-27T20:00:00Z,25.4,140.7,3.8,3,Lett bris,,95.9,1006.8,93.7,33.6,48.4,84.4,24.7,13.68,28,Stanley
2026-07-26T17:00:00Z,2026-07-26T17:16:33Z,2026-07-27T21:00:00Z,25.3,139.3,3,2,Svak vind,,96.3,1006.9,98.4,25.8,45.3,95.3,24.7,10.8,29,Stanley
2026-07-26T17:00:00Z,2026-07-26T17:16:33Z,2026-07-27T22:00:00Z,25.3,102,2.1,2,Svak vind,,96,1007.5,100,42.2,39.8,99.2,24.6,7.56,30,Stanley
2026-07-26T17:00:00Z,2026-07-26T17:16:33Z,2026-07-27T23:00:00Z,25.6,58.2,3.8,3,Lett bris,,96.3,1008.2,95.3,24.2,14.8,92.2,25,13.68,31,Stanley
2026-07-26T17:00:00Z,2026-07-26T17:16:33Z,2026-07-28T00:00:00Z,25.9,69.1,4.8,3,Lett bris,,95.2,1008.8,95.3,89.1,26.6,28.1,25.2,17.28,32,Stanley
2026-07-26T17:00:00Z,2026-07-26T17:16:33Z,2026-07-28T01:00:00Z,26.8,74.9,5.2,3,Lett bris,,89.6,1009.3,45.3,25,11.7,21.9,25.1,18.72,33,Stanley
2026-07-26T17:00:00Z,2026-07-26T17:16:33Z,2026-07-28T02:00:00Z,27.5,78.5,5.6,4,Laber bris,,84.2,1009.4,58.6,27.3,8.6,39.1,24.7,20.16,34,Stanley
2026-07-26T17:00:00Z,2026-07-26T17:16:33Z,2026-07-28T03:00:00Z,28,85.9,6,4,Laber bris,,81.3,1009.2,78.1,25,16.4,65.6,24.6,21.6,35,Stanley
2026-07-26T17:00:00Z,2026-07-26T17:16:33Z,2026-07-28T04:00:00Z,28.4,96.8,6.3,4,Laber bris,,79.7,1009.1,91.4,21.1,10.9,87.5,24.7,22.68,36,Stanley
2026-07-26T17:00:00Z,2026-07-26T17:16:33Z,2026-07-28T05:00:00Z,28.3,103,6.1,4,Laber bris,,80.4,1008.7,85.2,23.4,4.7,79.7,24.7,21.96,37,Stanley
2026-07-26T17:00:00Z,2026-07-26T17:16:33Z,2026-07-28T06:00:00Z,28.3,110.7,6.3,4,Laber bris,,80,1008.1,99.2,26.6,16.4,99.2,24.6,22.68,38,Stanley
2026-07-26T17:00:00Z,2026-07-26T17:16:33Z,2026-07-28T07:00:00Z,27.9,113,6.3,4,Laber bris,,81.2,1007.8,99.2,35.2,8.6,98.4,24.5,22.68,39,Stanley
2026-07-26T17:00:00Z,2026-07-26T17:16:33Z,2026-07-28T08:00:00Z,27.8,120.6,5.9,4,Laber bris,,81.2,1007.6,98.4,30.5,7.8,96.9,24.4,21.24,40,Stanley
2026-07-26T17:00:00Z,2026-07-26T17:16:33Z,2026-07-28T09:00:00Z,27.6,114.6,6.8,4,Laber bris,,82.1,1007.2,98.4,46.1,16.4,96.1,24.4,24.48,41,Stanley
2026-07-26T17:00:00Z,2026-07-26T17:16:33Z,2026-07-28T10:00:00Z,27.1,106,7,4,Laber bris,,84.2,1007.7,98.4,46.9,5.5,96.1,24.3,25.2,42,Stanley
2026-07-26T17:00:00Z,2026-07-26T17:16:33Z,2026-07-28T11:00:00Z,26.4,101.2,7.4,4,Laber bris,,90.9,1008.1,90.6,34.4,0,86.7,24.9,26.64,43,Stanley
2026-07-26T17:00:00Z,2026-07-26T17:16:33Z,2026-07-28T12:00:00Z,26.2,106.1,7.4,4,Laber bris,,92.1,1008.8,82.8,27.3,7,75,24.9,26.64,44,Stanley
2026-07-26T17:00:00Z,2026-07-26T17:16:33Z,2026-07-28T13:00:00Z,26.4,106.4,7.1,4,Laber bris,,90.1,1009.6,73.4,36.7,8.6,54.7,24.7,25.56,45,Stanley
2026-07-26T17:00:00Z,2026-07-26T17:16:33Z,2026-07-28T14:00:00Z,26.4,106.4,7.4,4,Laber bris,,90.1,1010.2,36.7,19.5,0.8,20.3,24.7,26.64,46,Stanley
2026-07-26T17:00:00Z,2026-07-26T17:16:33Z,2026-07-28T15:00:00Z,26.1,106.2,6.6,4,Laber bris,,91.4,1010.2,58.6,25.8,0.8,44.5,24.6,23.76,47,Stanley
2026-07-26T17:00:00Z,2026-07-26T17:16:33Z,2026-07-28T16:00:00Z,26,112.2,7.5,4,Laber bris,,90.3,1009.8,93,68,19.5,74.2,24.3,27,48,Stanley
2026-07-26T17:00:00Z,2026-07-26T17:16:33Z,2026-07-28T17:00:00Z,25.6,117.7,6.7,4,Laber bris,,93,1009.2,98.4,79.7,28.1,87.5,24.4,24.12,49,Stanley
2026-07-26T17:00:00Z,2026-07-26T17:16:33Z,2026-07-28T18:00:00Z,25.2,117,6.8,4,Laber bris,,96,1008.8,99.2,64.8,62.5,93.7,24.5,24.48,50,Stanley
2026-07-26T17:00:00Z,2026-07-26T17:16:33Z,2026-07-28T19:00:00Z,24.7,105,6.2,4,Laber bris,,97.2,1008.4,100,95.3,53.9,98.4,24.2,22.32,51,Stanley
2026-07-26T17:00:00Z,2026-07-26T17:16:33Z,2026-07-28T20:00:00Z,24.4,135.9,7.6,4,Laber bris,,96.4,1008.6,100,67.2,48.4,98.4,23.8,27.36,52,Stanley
2026-07-26T17:00:00Z,2026-07-26T17:16:33Z,2026-07-28T21:00:00Z,24.4,108.1,5.8,4,Laber bris,,96.4,1008.6,100,96.1,36.7,93.7,23.8,20.88,53,Stanley
2026-07-26T17:00:00Z,2026-07-26T17:16:33Z,2026-07-28T22:00:00Z,24.5,108.5,6.5,4,Laber bris,,96,1008.9,100,100,60.9,98.4,23.8,23.4,54,Stanley
2026-07-26T17:00:00Z,2026-07-26T17:16:33Z,2026-07-28T23:00:00Z,25.1,123.5,7,4,Laber bris,,94.5,1009.5,100,100,35.9,91.4,24,25.2,55,Stanley
2026-07-26T17:00:00Z,2026-07-26T17:16:33Z,2026-07-29T00:00:00Z,25.5,100.8,6.5,4,Laber bris,,94.4,1009.5,96.1,76.6,7,78.9,24.5,23.4,56,Stanley
2026-07-26T17:00:00Z,2026-07-26T17:16:33Z,2026-07-29T01:00:00Z,25.4,112.9,7.5,4,Laber bris,,94,1010.7,100,100,50,98.4,24.4,27,57,Stanley
2026-07-26T17:00:00Z,2026-07-26T17:16:33Z,2026-07-29T02:00:00Z,25.4,102.3,8.1,5,Frisk bris,,93.7,1010.7,100,78.9,3.1,99.2,24.2,29.16,58,Stanley
2026-07-26T17:00:00Z,2026-07-26T17:16:33Z,2026-07-29T03:00:00Z,25.9,96.9,7.9,4,Laber bris,,89.8,1011.1,100,100,72.7,97.7,24.1,28.44,59,Stanley
2026-07-26T17:00:00Z,2026-07-26T17:16:33Z,2026-07-29T04:00:00Z,25.3,88.3,7.6,4,Laber bris,,93.7,1010.6,100,98.4,59.4,99.2,24.2,27.36,60,Stanley
2026-07-26T17:00:00Z,2026-07-26T17:16:33Z,2026-07-29T05:00:00Z,25.3,82.5,7.8,4,Laber bris,,93,1009.8,100,98.4,25.8,95.3,24,28.08,61,Stanley
2026-07-26T17:00:00Z,2026-07-26T17:16:33Z,2026-07-29T06:00:00Z,26.6,106,7.9,4,Laber bris,,86.2,1009.4,100,99.2,80.5,89.8,24.2,28.44,62,Stanley
2026-07-26T17:00:00Z,2026-07-26T17:16:33Z,2026-07-29T12:00:00Z,26,112.5,4.9,3,Lett bris,,90.8,1009,98.4,47.7,16.4,96.9,24.4,17.64,63,Stanley
2026-07-26T17:00:00Z,2026-07-26T17:16:33Z,2026-07-29T18:00:00Z,25.9,122.9,4.3,3,Lett bris,,91.8,1008.4,100,39.8,10.9,100,24.5,15.48,64,Stanley
2026-07-26T17:00:00Z,2026-07-26T17:16:33Z,2026-07-30T00:00:00Z,25.7,121,3.8,3,Lett bris,,94.9,1009.5,100,100,10.2,71.9,24.9,13.68,65,Stanley
2026-07-26T17:00:00Z,2026-07-26T17:16:33Z,2026-07-30T06:00:00Z,26,134.7,3.6,3,Lett bris,,92,1010,85.2,19.5,5.5,81.2,24.6,12.96,66,Stanley
2026-07-26T17:00:00Z,2026-07-26T17:16:33Z,2026-07-30T12:00:00Z,26.1,115.6,3.2,2,Svak vind,,92.2,1010,99.2,39.1,0.8,98.4,24.8,11.52,67,Stanley
2026-07-26T17:00:00Z,2026-07-26T17:16:33Z,2026-07-30T18:00:00Z,26.2,134,3.2,2,Svak vind,,90.6,1009.7,100,16.4,21.1,100,24.6,11.52,68,Stanley
2026-07-26T17:00:00Z,2026-07-26T17:16:33Z,2026-07-31T00:00:00Z,26.4,104.4,3.1,2,Svak vind,,89.2,1010.2,95.3,21.1,5.5,93.7,24.5,11.16,69,Stanley
2026-07-26T17:00:00Z,2026-07-26T17:16:33Z,2026-07-31T06:00:00Z,26.4,142.5,2.7,2,Svak vind,,84.9,1009.6,99.2,71.1,9.4,98.4,23.7,9.72,70,Stanley
2026-07-26T17:00:00Z,2026-07-26T17:16:33Z,2026-07-31T12:00:00Z,25.9,152.1,2.4,2,Svak vind,,89.9,1009.6,100,18.7,1.6,100,24.1,8.64,71,Stanley
2026-07-26T17:00:00Z,2026-07-26T17:16:33Z,2026-07-31T18:00:00Z,26.3,141.9,3,2,Svak vind,,88.8,1008.8,100,21.9,2.3,100,24.4,10.8,72,Stanley
2026-07-26T17:00:00Z,2026-07-26T17:16:33Z,2026-08-01T00:00:00Z,24.9,192.4,2.4,2,Svak vind,,96.2,1010.7,100,98.4,99.2,100,24.2,8.64,73,Stanley
2026-07-26T17:00:00Z,2026-07-26T17:16:33Z,2026-08-01T06:00:00Z,24.5,192.9,2.3,2,Svak vind,,96,1008.7,100,21.1,53.9,100,23.8,8.28,74,Stanley
2026-07-26T17:00:00Z,2026-07-26T17:16:33Z,2026-08-01T12:00:00Z,25.5,138.7,2.6,2,Svak vind,,94.9,1008.5,100,23.4,98.4,100,24.7,9.36,75,Stanley
2026-07-26T17:00:00Z,2026-07-26T17:16:33Z,2026-08-01T18:00:00Z,25,172,2.7,2,Svak vind,,96.4,1009,100,22.7,99.2,100,24.3,9.72,76,Stanley
2026-07-26T17:00:00Z,2026-07-26T17:16:33Z,2026-08-02T00:00:00Z,25.2,163.9,2.9,2,Svak vind,,96.5,1010.1,100,96.9,100,100,24.5,10.44,77,Stanley
2026-07-26T17:00:00Z,2026-07-26T17:16:33Z,2026-08-02T06:00:00Z,25.7,162.4,3,2,Svak vind,,95.1,1008.9,100,41.4,100,100,24.9,10.8,78,Stanley
2026-07-26T17:00:00Z,2026-07-26T17:16:33Z,2026-08-02T12:00:00Z,25.4,160.1,2.6,2,Svak vind,,95.4,1008.6,100,30.5,0,100,24.7,9.36,79,Stanley
2026-07-26T17:00:00Z,2026-07-26T17:16:33Z,2026-08-02T18:00:00Z,25.6,142.4,3.3,2,Svak vind,,94.6,1008.3,100,21.9,54.7,100,24.7,11.88,80,Stanley
2026-07-26T17:00:00Z,2026-07-26T17:16:33Z,2026-08-03T00:00:00Z,24.6,158.7,3,2,Svak vind,,97.1,1009.3,100,43,87.5,100,24,10.8,81,Stanley
2026-07-26T17:00:00Z,2026-07-26T17:16:33Z,2026-08-03T06:00:00Z,25.2,147.6,2.5,2,Svak vind,,95.8,1009.3,100,17.2,15.6,100,24.5,9,82,Stanley
2026-07-26T17:00:00Z,2026-07-26T17:16:33Z,2026-08-03T12:00:00Z,25.3,145.6,2,2,Svak vind,,91.4,1008.6,100,7,0,100,23.7,7.2,83,Stanley
2026-07-26T17:00:00Z,2026-07-26T17:16:33Z,2026-08-03T18:00:00Z,25.5,114.9,2.7,2,Svak vind,,93.4,1008.3,96.9,23.4,0,96.1,24.3,9.72,84,Stanley
2026-07-26T17:00:00Z,2026-07-26T17:16:33Z,2026-08-04T00:00:00Z,26,174,3,2,Svak vind,,92,1008.8,99.2,42.2,0,98.4,24.7,10.8,85,Stanley
2026-07-26T17:00:00Z,2026-07-26T17:16:33Z,2026-08-04T06:00:00Z,29.1,168.4,2.7,2,Svak vind,,76.7,1007.9,92.2,4.7,0,92.2,24.6,9.72,86,Stanley
2026-07-26T17:00:00Z,2026-07-26T17:16:33Z,2026-08-04T12:00:00Z,26.7,180.1,1.9,2,Svak vind,,90.1,1007.3,82.8,13.3,1.6,79.7,25.1,6.84,87,Stanley
2026-07-26T17:00:00Z,2026-07-26T17:16:33Z,2026-08-04T18:00:00Z,25.9,185.8,1,1,Flau vind,,94.4,1007.8,12.5,7,0,6.2,25,3.6,88,Stanley
2026-07-26T17:00:00Z,2026-07-26T17:16:33Z,2026-08-05T00:00:00Z,27.1,197.5,2.3,2,Svak vind,,89.8,1008.7,30.5,25.8,7,0,25.4,8.28,89,Stanley
2026-07-26T17:00:00Z,2026-07-26T17:16:32Z,2026-07-26T17:00:00Z,24,200.7,10.5,5,Frisk bris,,94,1003.5,100,100,60.9,100,23.3,37.8,1,HVRC
2026-07-26T17:00:00Z,2026-07-26T17:16:32Z,2026-07-26T18:00:00Z,23.8,203.6,11.1,6,Liten kuling,,96.9,1003.4,100,76.6,82.8,100,23.6,39.96,2,HVRC
2026-07-26T17:00:00Z,2026-07-26T17:16:32Z,2026-07-26T19:00:00Z,23.7,211.6,10.5,5,Frisk bris,,97.1,1003.5,100,91.4,93.7,100,23.6,37.8,3,HVRC
2026-07-26T17:00:00Z,2026-07-26T17:16:32Z,2026-07-26T20:00:00Z,23.8,216.9,9.1,5,Frisk bris,,94.1,1003.4,100,95.3,96.9,100,23.1,32.76,4,HVRC
2026-07-26T17:00:00Z,2026-07-26T17:16:32Z,2026-07-26T21:00:00Z,23.7,210.2,8.3,5,Frisk bris,,96.3,1003.8,100,100,100,100,23.4,29.88,5,HVRC
2026-07-26T17:00:00Z,2026-07-26T17:16:32Z,2026-07-26T22:00:00Z,23.7,218,7.8,4,Laber bris,,96,1004,100,75,71.9,100,23.4,28.08,6,HVRC
2026-07-26T17:00:00Z,2026-07-26T17:16:32Z,2026-07-26T23:00:00Z,23.9,221.8,6.7,4,Laber bris,,95.1,1004.5,100,99.2,39.1,99.2,23.4,24.12,7,HVRC
2026-07-26T17:00:00Z,2026-07-26T17:16:32Z,2026-07-27T00:00:00Z,23.9,222.9,7,4,Laber bris,,95.7,1005.2,100,92.2,50,99.2,23.5,25.2,8,HVRC
2026-07-26T17:00:00Z,2026-07-26T17:16:32Z,2026-07-27T01:00:00Z,24,232.5,5.4,3,Lett bris,,95.9,1005.8,100,24.2,39.8,100,23.7,19.44,9,HVRC
2026-07-26T17:00:00Z,2026-07-26T17:16:32Z,2026-07-27T02:00:00Z,24.9,240,5.1,3,Lett bris,,95.5,1006.3,100,92.2,64.8,100,24.5,18.36,10,HVRC
2026-07-26T17:00:00Z,2026-07-26T17:16:32Z,2026-07-27T03:00:00Z,25.7,228.3,4.9,3,Lett bris,,91.7,1006.2,100,10.9,16.4,100,24.6,17.64,11,HVRC
2026-07-26T17:00:00Z,2026-07-26T17:16:32Z,2026-07-27T04:00:00Z,26.6,208.7,4.2,3,Lett bris,,86.7,1006,100,10.9,13.3,100,24.6,15.12,12,HVRC
2026-07-26T17:00:00Z,2026-07-26T17:16:32Z,2026-07-27T05:00:00Z,27,200.9,3.7,3,Lett bris,,83.7,1005.4,100,14.1,9.4,100,24.4,13.32,13,HVRC
2026-07-26T17:00:00Z,2026-07-26T17:16:32Z,2026-07-27T06:00:00Z,25.9,187.6,4,3,Lett bris,,89.4,1004.8,100,26.6,23.4,100,24.4,14.4,14,HVRC
2026-07-26T17:00:00Z,2026-07-26T17:16:32Z,2026-07-27T07:00:00Z,26.4,168.5,4.3,3,Lett bris,,87.6,1004.1,100,25,31.2,100,24.6,15.48,15,HVRC
2026-07-26T17:00:00Z,2026-07-26T17:16:32Z,2026-07-27T08:00:00Z,26.7,156.4,4.2,3,Lett bris,,84.7,1003.9,99.2,19.5,31.2,99.2,24.3,15.12,16,HVRC
2026-07-26T17:00:00Z,2026-07-26T17:16:32Z,2026-07-27T09:00:00Z,26.2,148.6,5.3,3,Lett bris,,86.5,1004.1,99.2,21.9,22.7,98.4,24.1,19.08,17,HVRC
2026-07-26T17:00:00Z,2026-07-26T17:16:32Z,2026-07-27T10:00:00Z,25.4,129.6,6.2,4,Laber bris,,89.8,1004.7,98.4,27.3,14.1,97.7,24,22.32,18,HVRC
2026-07-26T17:00:00Z,2026-07-26T17:16:32Z,2026-07-27T11:00:00Z,25.2,119.9,6.3,4,Laber bris,,92.8,1005.1,96.9,7.8,11.7,96.1,24.3,22.68,19,HVRC
2026-07-26T17:00:00Z,2026-07-26T17:16:32Z,2026-07-27T12:00:00Z,25.1,117.4,6.6,4,Laber bris,,92.3,1005.8,97.7,14.1,9.4,96.9,24.1,23.76,20,HVRC
2026-07-26T17:00:00Z,2026-07-26T17:16:32Z,2026-07-27T13:00:00Z,25.1,121.3,6.4,4,Laber bris,,91.8,1006.5,96.1,23.4,5.5,95.3,24,23.04,21,HVRC
2026-07-26T17:00:00Z,2026-07-26T17:16:32Z,2026-07-27T14:00:00Z,25.2,120.4,5.8,4,Laber bris,,91.6,1007.5,75.8,21.1,3.1,68,24.1,20.88,22,HVRC
2026-07-26T17:00:00Z,2026-07-26T17:16:32Z,2026-07-27T15:00:00Z,25,125.3,5.8,4,Laber bris,,92.9,1007.9,60.9,21.1,7.8,46.1,24.1,20.88,23,HVRC
2026-07-26T17:00:00Z,2026-07-26T17:16:32Z,2026-07-27T16:00:00Z,24.8,130.5,6.3,4,Laber bris,,92.4,1008,88.3,27.3,30.5,78.1,23.9,22.68,24,HVRC
2026-07-26T17:00:00Z,2026-07-26T17:16:32Z,2026-07-27T17:00:00Z,24.6,136.8,5.4,3,Lett bris,,93.3,1007.6,98.4,11.7,23.4,97.7,23.8,19.44,25,HVRC
2026-07-26T17:00:00Z,2026-07-26T17:16:32Z,2026-07-27T18:00:00Z,24.2,140.4,4.3,3,Lett bris,,95.7,1007.3,98.4,28.1,32,96.9,23.8,15.48,26,HVRC
2026-07-26T17:00:00Z,2026-07-26T17:16:32Z,2026-07-27T19:00:00Z,24.1,132.9,4.8,3,Lett bris,,95.8,1006.8,92.2,27.3,18.7,87.5,23.8,17.28,27,HVRC
2026-07-26T17:00:00Z,2026-07-26T17:16:32Z,2026-07-27T20:00:00Z,23.9,140.7,3.8,3,Lett bris,,95.9,1006.8,93.7,33.6,48.4,84.4,23.6,13.68,28,HVRC
2026-07-26T17:00:00Z,2026-07-26T17:16:32Z,2026-07-27T21:00:00Z,23.8,139.3,3,2,Svak vind,,96.3,1006.9,98.4,25.8,45.3,95.3,23.5,10.8,29,HVRC
2026-07-26T17:00:00Z,2026-07-26T17:16:32Z,2026-07-27T22:00:00Z,23.8,102,2.1,2,Svak vind,,96,1007.5,100,42.2,39.8,99.2,23.5,7.56,30,HVRC
2026-07-26T17:00:00Z,2026-07-26T17:16:32Z,2026-07-27T23:00:00Z,24.1,58.2,3.8,3,Lett bris,,96.3,1008.2,95.3,24.2,14.8,92.2,23.8,13.68,31,HVRC
2026-07-26T17:00:00Z,2026-07-26T17:16:32Z,2026-07-28T00:00:00Z,24.4,69.1,4.8,3,Lett bris,,95.2,1008.8,95.3,89.1,26.6,28.1,24,17.28,32,HVRC
2026-07-26T17:00:00Z,2026-07-26T17:16:32Z,2026-07-28T01:00:00Z,25.3,74.9,5.2,3,Lett bris,,89.6,1009.3,45.3,25,11.7,21.9,23.8,18.72,33,HVRC
2026-07-26T17:00:00Z,2026-07-26T17:16:32Z,2026-07-28T02:00:00Z,26,78.5,5.6,4,Laber bris,,84.2,1009.4,58.6,27.3,8.6,39.1,23.5,20.16,34,HVRC
2026-07-26T17:00:00Z,2026-07-26T17:16:32Z,2026-07-28T03:00:00Z,26.5,85.9,6,4,Laber bris,,81.3,1009.2,78.1,25,16.4,65.6,23.4,21.6,35,HVRC
2026-07-26T17:00:00Z,2026-07-26T17:16:32Z,2026-07-28T04:00:00Z,26.9,96.8,6.3,4,Laber bris,,79.7,1009.1,91.4,21.1,10.9,87.5,23.5,22.68,36,HVRC
2026-07-26T17:00:00Z,2026-07-26T17:16:32Z,2026-07-28T05:00:00Z,26.8,103,6.1,4,Laber bris,,80.4,1008.7,85.2,23.4,4.7,79.7,23.5,21.96,37,HVRC
2026-07-26T17:00:00Z,2026-07-26T17:16:32Z,2026-07-28T06:00:00Z,26.8,110.7,6.3,4,Laber bris,,80,1008.1,99.2,26.6,16.4,99.2,23.4,22.68,38,HVRC
2026-07-26T17:00:00Z,2026-07-26T17:16:32Z,2026-07-28T07:00:00Z,26.4,113,6.3,4,Laber bris,,81.2,1007.8,99.2,35.2,8.6,98.4,23.3,22.68,39,HVRC
2026-07-26T17:00:00Z,2026-07-26T17:16:32Z,2026-07-28T08:00:00Z,26.3,120.6,5.9,4,Laber bris,,81.2,1007.6,98.4,30.5,7.8,96.9,23.2,21.24,40,HVRC
2026-07-26T17:00:00Z,2026-07-26T17:16:32Z,2026-07-28T09:00:00Z,26.1,114.6,6.8,4,Laber bris,,82.1,1007.2,98.4,46.1,16.4,96.1,23.2,24.48,41,HVRC
2026-07-26T17:00:00Z,2026-07-26T17:16:32Z,2026-07-28T10:00:00Z,25.6,106,7,4,Laber bris,,84.2,1007.7,98.4,46.9,5.5,96.1,23.1,25.2,42,HVRC
2026-07-26T17:00:00Z,2026-07-26T17:16:32Z,2026-07-28T11:00:00Z,24.9,101.2,7.4,4,Laber bris,,90.9,1008.1,90.6,34.4,0,86.7,23.7,26.64,43,HVRC
2026-07-26T17:00:00Z,2026-07-26T17:16:32Z,2026-07-28T12:00:00Z,24.7,106.1,7.4,4,Laber bris,,92.1,1008.8,82.8,27.3,7,75,23.7,26.64,44,HVRC
2026-07-26T17:00:00Z,2026-07-26T17:16:32Z,2026-07-28T13:00:00Z,24.9,106.4,7.1,4,Laber bris,,90.1,1009.6,73.4,36.7,8.6,54.7,23.5,25.56,45,HVRC
2026-07-26T17:00:00Z,2026-07-26T17:16:32Z,2026-07-28T14:00:00Z,24.9,106.4,7.4,4,Laber bris,,90.1,1010.2,36.7,19.5,0.8,20.3,23.5,26.64,46,HVRC
2026-07-26T17:00:00Z,2026-07-26T17:16:32Z,2026-07-28T15:00:00Z,24.6,106.2,6.6,4,Laber bris,,91.4,1010.2,58.6,25.8,0.8,44.5,23.5,23.76,47,HVRC
2026-07-26T17:00:00Z,2026-07-26T17:16:32Z,2026-07-28T16:00:00Z,24.5,112.2,7.5,4,Laber bris,,90.3,1009.8,93,68,19.5,74.2,23.2,27,48,HVRC
2026-07-26T17:00:00Z,2026-07-26T17:16:32Z,2026-07-28T17:00:00Z,24.1,117.7,6.7,4,Laber bris,,93,1009.2,98.4,79.7,28.1,87.5,23.3,24.12,49,HVRC
2026-07-26T17:00:00Z,2026-07-26T17:16:32Z,2026-07-28T18:00:00Z,23.7,117,6.8,4,Laber bris,,96,1008.8,99.2,64.8,62.5,93.7,23.4,24.48,50,HVRC
2026-07-26T17:00:00Z,2026-07-26T17:16:32Z,2026-07-28T19:00:00Z,23.2,105,6.2,4,Laber bris,,97.2,1008.4,100,95.3,53.9,98.4,23.1,22.32,51,HVRC
2026-07-26T17:00:00Z,2026-07-26T17:16:32Z,2026-07-28T20:00:00Z,22.9,135.9,7.6,4,Laber bris,,96.4,1008.6,100,67.2,48.4,98.4,22.6,27.36,52,HVRC
2026-07-26T17:00:00Z,2026-07-26T17:16:32Z,2026-07-28T21:00:00Z,22.9,108.1,5.8,4,Laber bris,,96.4,1008.6,100,96.1,36.7,93.7,22.6,20.88,53,HVRC
2026-07-26T17:00:00Z,2026-07-26T17:16:32Z,2026-07-28T22:00:00Z,23,108.5,6.5,4,Laber bris,,96,1008.9,100,100,60.9,98.4,22.7,23.4,54,HVRC
2026-07-26T17:00:00Z,2026-07-26T17:16:32Z,2026-07-28T23:00:00Z,23.6,123.5,7,4,Laber bris,,94.5,1009.5,100,100,35.9,91.4,23,25.2,55,HVRC
2026-07-26T17:00:00Z,2026-07-26T17:16:32Z,2026-07-29T00:00:00Z,24,100.8,6.5,4,Laber bris,,94.4,1009.5,96.1,76.6,7,78.9,23.4,23.4,56,HVRC
2026-07-26T17:00:00Z,2026-07-26T17:16:32Z,2026-07-29T01:00:00Z,23.9,112.9,7.5,4,Laber bris,,94,1010.7,100,100,50,98.4,23.2,27,57,HVRC
2026-07-26T17:00:00Z,2026-07-26T17:16:32Z,2026-07-29T02:00:00Z,23.9,102.3,8.1,5,Frisk bris,,93.7,1010.7,100,78.9,3.1,99.2,23.2,29.16,58,HVRC
2026-07-26T17:00:00Z,2026-07-26T17:16:32Z,2026-07-29T03:00:00Z,24.4,96.9,7.9,4,Laber bris,,89.8,1011.1,100,100,72.7,97.7,23,28.44,59,HVRC
2026-07-26T17:00:00Z,2026-07-26T17:16:32Z,2026-07-29T04:00:00Z,23.8,88.3,7.6,4,Laber bris,,93.7,1010.6,100,98.4,59.4,99.2,23.1,27.36,60,HVRC
2026-07-26T17:00:00Z,2026-07-26T17:16:32Z,2026-07-29T05:00:00Z,23.8,82.5,7.8,4,Laber bris,,93,1009.8,100,98.4,25.8,95.3,22.9,28.08,61,HVRC
2026-07-26T17:00:00Z,2026-07-26T17:16:32Z,2026-07-29T06:00:00Z,25.1,106,7.9,4,Laber bris,,86.2,1009.4,100,99.2,80.5,89.8,23,28.44,62,HVRC
2026-07-26T17:00:00Z,2026-07-26T17:16:32Z,2026-07-29T12:00:00Z,24.5,112.5,4.9,3,Lett bris,,90.8,1009,98.4,47.7,16.4,96.9,23.3,17.64,63,HVRC
2026-07-26T17:00:00Z,2026-07-26T17:16:32Z,2026-07-29T18:00:00Z,24.4,122.9,4.3,3,Lett bris,,91.8,1008.4,100,39.8,10.9,100,23.3,15.48,64,HVRC
2026-07-26T17:00:00Z,2026-07-26T17:16:32Z,2026-07-30T00:00:00Z,24.2,121,3.8,3,Lett bris,,94.9,1009.5,100,100,10.2,71.9,23.7,13.68,65,HVRC
2026-07-26T17:00:00Z,2026-07-26T17:16:32Z,2026-07-30T06:00:00Z,24.5,134.7,3.6,3,Lett bris,,92,1010,85.2,19.5,5.5,81.2,23.5,12.96,66,HVRC
2026-07-26T17:00:00Z,2026-07-26T17:16:32Z,2026-07-30T12:00:00Z,24.6,115.6,3.2,2,Svak vind,,92.2,1010,99.2,39.1,0.8,98.4,23.6,11.52,67,HVRC
2026-07-26T17:00:00Z,2026-07-26T17:16:32Z,2026-07-30T18:00:00Z,24.7,134,3.2,2,Svak vind,,90.6,1009.7,100,16.4,21.1,100,23.4,11.52,68,HVRC
2026-07-26T17:00:00Z,2026-07-26T17:16:32Z,2026-07-31T00:00:00Z,24.9,104.4,3.1,2,Svak vind,,89.2,1010.2,95.3,21.1,5.5,93.7,23.4,11.16,69,HVRC
2026-07-26T17:00:00Z,2026-07-26T17:16:32Z,2026-07-31T06:00:00Z,24.9,142.5,2.7,2,Svak vind,,84.9,1009.6,99.2,71.1,9.4,98.4,22.5,9.72,70,HVRC
2026-07-26T17:00:00Z,2026-07-26T17:16:32Z,2026-07-31T12:00:00Z,24.4,152.1,2.4,2,Svak vind,,89.9,1009.6,100,18.7,1.6,100,23,8.64,71,HVRC
2026-07-26T17:00:00Z,2026-07-26T17:16:32Z,2026-07-31T18:00:00Z,24.8,141.9,3,2,Svak vind,,88.8,1008.8,100,21.9,2.3,100,23.2,10.8,72,HVRC
2026-07-26T17:00:00Z,2026-07-26T17:16:32Z,2026-08-01T00:00:00Z,23.4,192.4,2.4,2,Svak vind,,96.2,1010.7,100,98.4,99.2,100,23.1,8.64,73,HVRC
2026-07-26T17:00:00Z,2026-07-26T17:16:32Z,2026-08-01T06:00:00Z,23,192.9,2.3,2,Svak vind,,96,1008.7,100,21.1,53.9,100,22.7,8.28,74,HVRC
2026-07-26T17:00:00Z,2026-07-26T17:16:32Z,2026-08-01T12:00:00Z,24,138.7,2.6,2,Svak vind,,94.9,1008.5,100,23.4,98.4,100,23.5,9.36,75,HVRC
2026-07-26T17:00:00Z,2026-07-26T17:16:32Z,2026-08-01T18:00:00Z,23.5,172,2.7,2,Svak vind,,96.4,1009,100,22.7,99.2,100,23.3,9.72,76,HVRC
2026-07-26T17:00:00Z,2026-07-26T17:16:32Z,2026-08-02T00:00:00Z,23.7,163.9,2.9,2,Svak vind,,96.5,1010.1,100,96.9,100,100,23.5,10.44,77,HVRC
2026-07-26T17:00:00Z,2026-07-26T17:16:32Z,2026-08-02T06:00:00Z,24.2,162.4,3,2,Svak vind,,95.1,1008.9,100,41.4,100,100,23.7,10.8,78,HVRC
2026-07-26T17:00:00Z,2026-07-26T17:16:32Z,2026-08-02T12:00:00Z,23.9,160.1,2.6,2,Svak vind,,95.4,1008.6,100,30.5,0,100,23.5,9.36,79,HVRC
2026-07-26T17:00:00Z,2026-07-26T17:16:32Z,2026-08-02T18:00:00Z,24.1,142.4,3.3,2,Svak vind,,94.6,1008.3,100,21.9,54.7,100,23.5,11.88,80,HVRC
2026-07-26T17:00:00Z,2026-07-26T17:16:32Z,2026-08-03T00:00:00Z,23.1,158.7,3,2,Svak vind,,97.1,1009.3,100,43,87.5,100,23,10.8,81,HVRC
2026-07-26T17:00:00Z,2026-07-26T17:16:32Z,2026-08-03T06:00:00Z,23.7,147.6,2.5,2,Svak vind,,95.8,1009.3,100,17.2,15.6,100,23.3,9,82,HVRC
2026-07-26T17:00:00Z,2026-07-26T17:16:32Z,2026-08-03T12:00:00Z,23.8,145.6,2,2,Svak vind,,91.4,1008.6,100,7,0,100,22.7,7.2,83,HVRC
2026-07-26T17:00:00Z,2026-07-26T17:16:32Z,2026-08-03T18:00:00Z,24,114.9,2.7,2,Svak vind,,93.4,1008.3,96.9,23.4,0,96.1,23.2,9.72,84,HVRC
2026-07-26T17:00:00Z,2026-07-26T17:16:32Z,2026-08-04T00:00:00Z,24.5,174,3,2,Svak vind,,92,1008.8,99.2,42.2,0,98.4,23.5,10.8,85,HVRC
2026-07-26T17:00:00Z,2026-07-26T17:16:32Z,2026-08-04T06:00:00Z,27.6,168.4,2.7,2,Svak vind,,76.7,1007.9,92.2,4.7,0,92.2,23.5,9.72,86,HVRC
2026-07-26T17:00:00Z,2026-07-26T17:16:32Z,2026-08-04T12:00:00Z,25.2,180.1,1.9,2,Svak vind,,90.1,1007.3,82.8,13.3,1.6,79.7,23.8,6.84,87,HVRC
2026-07-26T17:00:00Z,2026-07-26T17:16:32Z,2026-08-04T18:00:00Z,24.4,185.8,1,1,Flau vind,,94.4,1007.8,12.5,7,0,6.2,23.8,3.6,88,HVRC
2026-07-26T17:00:00Z,2026-07-26T17:16:32Z,2026-08-05T00:00:00Z,25.6,197.5,2.3,2,Svak vind,,89.8,1008.7,30.5,25.8,7,0,24.2,8.28,89,HVRC
2026-07-26T17:00:00Z,2026-07-26T17:16:33Z,2026-07-26T17:00:00Z,25.5,200.7,10.5,5,Frisk bris,,94,1003.5,100,100,60.9,100,24.5,37.8,1,Ngong_Ping
2026-07-26T17:00:00Z,2026-07-26T17:16:33Z,2026-07-26T18:00:00Z,25.3,203.6,11.1,6,Liten kuling,,96.9,1003.4,100,76.6,82.8,100,24.7,39.96,2,Ngong_Ping
2026-07-26T17:00:00Z,2026-07-26T17:16:33Z,2026-07-26T19:00:00Z,25.2,211.6,10.5,5,Frisk bris,,97.1,1003.5,100,91.4,93.7,100,24.7,37.8,3,Ngong_Ping
2026-07-26T17:00:00Z,2026-07-26T17:16:33Z,2026-07-26T20:00:00Z,25.3,216.9,9.1,5,Frisk bris,,94.1,1003.4,100,95.3,96.9,100,24.2,32.76,4,Ngong_Ping
2026-07-26T17:00:00Z,2026-07-26T17:16:33Z,2026-07-26T21:00:00Z,25.2,210.2,8.3,5,Frisk bris,,96.3,1003.8,100,100,100,100,24.6,29.88,5,Ngong_Ping
2026-07-26T17:00:00Z,2026-07-26T17:16:33Z,2026-07-26T22:00:00Z,25.2,218,7.8,4,Laber bris,,96,1004,100,75,71.9,100,24.5,28.08,6,Ngong_Ping
2026-07-26T17:00:00Z,2026-07-26T17:16:33Z,2026-07-26T23:00:00Z,25.4,221.8,6.7,4,Laber bris,,95.1,1004.5,100,99.2,39.1,99.2,24.6,24.12,7,Ngong_Ping
2026-07-26T17:00:00Z,2026-07-26T17:16:33Z,2026-07-27T00:00:00Z,25.4,222.9,7,4,Laber bris,,95.7,1005.2,100,92.2,50,99.2,24.7,25.2,8,Ngong_Ping
2026-07-26T17:00:00Z,2026-07-26T17:16:33Z,2026-07-27T01:00:00Z,25.5,232.5,5.4,3,Lett bris,,95.9,1005.8,100,24.2,39.8,100,24.9,19.44,9,Ngong_Ping
2026-07-26T17:00:00Z,2026-07-26T17:16:33Z,2026-07-27T02:00:00Z,26.4,240,5.1,3,Lett bris,,95.5,1006.3,100,92.2,64.8,100,25.6,18.36,10,Ngong_Ping
2026-07-26T17:00:00Z,2026-07-26T17:16:33Z,2026-07-27T03:00:00Z,27.2,228.3,4.9,3,Lett bris,,91.7,1006.2,100,10.9,16.4,100,25.8,17.64,11,Ngong_Ping
2026-07-26T17:00:00Z,2026-07-26T17:16:33Z,2026-07-27T04:00:00Z,28.1,208.7,4.2,3,Lett bris,,86.7,1006,100,10.9,13.3,100,25.7,15.12,12,Ngong_Ping
2026-07-26T17:00:00Z,2026-07-26T17:16:33Z,2026-07-27T05:00:00Z,28.5,200.9,3.7,3,Lett bris,,83.7,1005.4,100,14.1,9.4,100,25.5,13.32,13,Ngong_Ping
2026-07-26T17:00:00Z,2026-07-26T17:16:33Z,2026-07-27T06:00:00Z,27.4,187.6,4,3,Lett bris,,89.4,1004.8,100,26.6,23.4,100,25.6,14.4,14,Ngong_Ping
2026-07-26T17:00:00Z,2026-07-26T17:16:33Z,2026-07-27T07:00:00Z,27.9,168.5,4.3,3,Lett bris,,87.6,1004.1,100,25,31.2,100,25.7,15.48,15,Ngong_Ping
2026-07-26T17:00:00Z,2026-07-26T17:16:33Z,2026-07-27T08:00:00Z,28.2,156.4,4.2,3,Lett bris,,84.7,1003.9,99.2,19.5,31.2,99.2,25.5,15.12,16,Ngong_Ping
2026-07-26T17:00:00Z,2026-07-26T17:16:33Z,2026-07-27T09:00:00Z,27.7,148.6,5.3,3,Lett bris,,86.5,1004.1,99.2,21.9,22.7,98.4,25.3,19.08,17,Ngong_Ping
2026-07-26T17:00:00Z,2026-07-26T17:16:33Z,2026-07-27T10:00:00Z,26.9,129.6,6.2,4,Laber bris,,89.8,1004.7,98.4,27.3,14.1,97.7,25.2,22.32,18,Ngong_Ping
2026-07-26T17:00:00Z,2026-07-26T17:16:33Z,2026-07-27T11:00:00Z,26.7,119.9,6.3,4,Laber bris,,92.8,1005.1,96.9,7.8,11.7,96.1,25.5,22.68,19,Ngong_Ping
2026-07-26T17:00:00Z,2026-07-26T17:16:33Z,2026-07-27T12:00:00Z,26.6,117.4,6.6,4,Laber bris,,92.3,1005.8,97.7,14.1,9.4,96.9,25.3,23.76,20,Ngong_Ping
2026-07-26T17:00:00Z,2026-07-26T17:16:33Z,2026-07-27T13:00:00Z,26.6,121.3,6.4,4,Laber bris,,91.8,1006.5,96.1,23.4,5.5,95.3,25.3,23.04,21,Ngong_Ping
2026-07-26T17:00:00Z,2026-07-26T17:16:33Z,2026-07-27T14:00:00Z,26.7,120.4,5.8,4,Laber bris,,91.6,1007.5,75.8,21.1,3.1,68,25.3,20.88,22,Ngong_Ping
2026-07-26T17:00:00Z,2026-07-26T17:16:33Z,2026-07-27T15:00:00Z,26.5,125.3,5.8,4,Laber bris,,92.9,1007.9,60.9,21.1,7.8,46.1,25.3,20.88,23,Ngong_Ping
2026-07-26T17:00:00Z,2026-07-26T17:16:33Z,2026-07-27T16:00:00Z,26.3,130.5,6.3,4,Laber bris,,92.4,1008,88.3,27.3,30.5,78.1,25,22.68,24,Ngong_Ping
2026-07-26T17:00:00Z,2026-07-26T17:16:33Z,2026-07-27T17:00:00Z,26.1,136.8,5.4,3,Lett bris,,93.3,1007.6,98.4,11.7,23.4,97.7,25,19.44,25,Ngong_Ping
2026-07-26T17:00:00Z,2026-07-26T17:16:33Z,2026-07-27T18:00:00Z,25.7,140.4,4.3,3,Lett bris,,95.7,1007.3,98.4,28.1,32,96.9,25.1,15.48,26,Ngong_Ping
2026-07-26T17:00:00Z,2026-07-26T17:16:33Z,2026-07-27T19:00:00Z,25.6,132.9,4.8,3,Lett bris,,95.8,1006.8,92.2,27.3,18.7,87.5,24.9,17.28,27,Ngong_Ping
2026-07-26T17:00:00Z,2026-07-26T17:16:33Z,2026-07-27T20:00:00Z,25.4,140.7,3.8,3,Lett bris,,95.9,1006.8,93.7,33.6,48.4,84.4,24.7,13.68,28,Ngong_Ping
2026-07-26T17:00:00Z,2026-07-26T17:16:33Z,2026-07-27T21:00:00Z,25.3,139.3,3,2,Svak vind,,96.3,1006.9,98.4,25.8,45.3,95.3,24.7,10.8,29,Ngong_Ping
2026-07-26T17:00:00Z,2026-07-26T17:16:33Z,2026-07-27T22:00:00Z,25.3,102,2.1,2,Svak vind,,96,1007.5,100,42.2,39.8,99.2,24.6,7.56,30,Ngong_Ping
2026-07-26T17:00:00Z,2026-07-26T17:16:33Z,2026-07-27T23:00:00Z,25.6,58.2,3.8,3,Lett bris,,96.3,1008.2,95.3,24.2,14.8,92.2,25,13.68,31,Ngong_Ping
2026-07-26T17:00:00Z,2026-07-26T17:16:33Z,2026-07-28T00:00:00Z,25.9,69.1,4.8,3,Lett bris,,95.2,1008.8,95.3,89.1,26.6,28.1,25.2,17.28,32,Ngong_Ping
2026-07-26T17:00:00Z,2026-07-26T17:16:33Z,2026-07-28T01:00:00Z,26.8,74.9,5.2,3,Lett bris,,89.6,1009.3,45.3,25,11.7,21.9,25.1,18.72,33,Ngong_Ping
2026-07-26T17:00:00Z,2026-07-26T17:16:33Z,2026-07-28T02:00:00Z,27.5,78.5,5.6,4,Laber bris,,84.2,1009.4,58.6,27.3,8.6,39.1,24.7,20.16,34,Ngong_Ping
2026-07-26T17:00:00Z,2026-07-26T17:16:33Z,2026-07-28T03:00:00Z,28,85.9,6,4,Laber bris,,81.3,1009.2,78.1,25,16.4,65.6,24.6,21.6,35,Ngong_Ping
2026-07-26T17:00:00Z,2026-07-26T17:16:33Z,2026-07-28T04:00:00Z,28.4,96.8,6.3,4,Laber bris,,79.7,1009.1,91.4,21.1,10.9,87.5,24.7,22.68,36,Ngong_Ping
2026-07-26T17:00:00Z,2026-07-26T17:16:33Z,2026-07-28T05:00:00Z,28.3,103,6.1,4,Laber bris,,80.4,1008.7,85.2,23.4,4.7,79.7,24.7,21.96,37,Ngong_Ping
2026-07-26T17:00:00Z,2026-07-26T17:16:33Z,2026-07-28T06:00:00Z,28.3,110.7,6.3,4,Laber bris,,80,1008.1,99.2,26.6,16.4,99.2,24.6,22.68,38,Ngong_Ping
2026-07-26T17:00:00Z,2026-07-26T17:16:33Z,2026-07-28T07:00:00Z,27.9,113,6.3,4,Laber bris,,81.2,1007.8,99.2,35.2,8.6,98.4,24.5,22.68,39,Ngong_Ping
2026-07-26T17:00:00Z,2026-07-26T17:16:33Z,2026-07-28T08:00:00Z,27.8,120.6,5.9,4,Laber bris,,81.2,1007.6,98.4,30.5,7.8,96.9,24.4,21.24,40,Ngong_Ping
2026-07-26T17:00:00Z,2026-07-26T17:16:33Z,2026-07-28T09:00:00Z,27.6,114.6,6.8,4,Laber bris,,82.1,1007.2,98.4,46.1,16.4,96.1,24.4,24.48,41,Ngong_Ping
2026-07-26T17:00:00Z,2026-07-26T17:16:33Z,2026-07-28T10:00:00Z,27.1,106,7,4,Laber bris,,84.2,1007.7,98.4,46.9,5.5,96.1,24.3,25.2,42,Ngong_Ping
2026-07-26T17:00:00Z,2026-07-26T17:16:33Z,2026-07-28T11:00:00Z,26.4,101.2,7.4,4,Laber bris,,90.9,1008.1,90.6,34.4,0,86.7,24.9,26.64,43,Ngong_Ping
2026-07-26T17:00:00Z,2026-07-26T17:16:33Z,2026-07-28T12:00:00Z,26.2,106.1,7.4,4,Laber bris,,92.1,1008.8,82.8,27.3,7,75,24.9,26.64,44,Ngong_Ping
2026-07-26T17:00:00Z,2026-07-26T17:16:33Z,2026-07-28T13:00:00Z,26.4,106.4,7.1,4,Laber bris,,90.1,1009.6,73.4,36.7,8.6,54.7,24.7,25.56,45,Ngong_Ping
2026-07-26T17:00:00Z,2026-07-26T17:16:33Z,2026-07-28T14:00:00Z,26.4,106.4,7.4,4,Laber bris,,90.1,1010.2,36.7,19.5,0.8,20.3,24.7,26.64,46,Ngong_Ping
2026-07-26T17:00:00Z,2026-07-26T17:16:33Z,2026-07-28T15:00:00Z,26.1,106.2,6.6,4,Laber bris,,91.4,1010.2,58.6,25.8,0.8,44.5,24.6,23.76,47,Ngong_Ping
2026-07-26T17:00:00Z,2026-07-26T17:16:33Z,2026-07-28T16:00:00Z,26,112.2,7.5,4,Laber bris,,90.3,1009.8,93,68,19.5,74.2,24.3,27,48,Ngong_Ping
2026-07-26T17:00:00Z,2026-07-26T17:16:33Z,2026-07-28T17:00:00Z,25.6,117.7,6.7,4,Laber bris,,93,1009.2,98.4,79.7,28.1,87.5,24.4,24.12,49,Ngong_Ping
2026-07-26T17:00:00Z,2026-07-26T17:16:33Z,2026-07-28T18:00:00Z,25.2,117,6.8,4,Laber bris,,96,1008.8,99.2,64.8,62.5,93.7,24.5,24.48,50,Ngong_Ping
2026-07-26T17:00:00Z,2026-07-26T17:16:33Z,2026-07-28T19:00:00Z,24.7,105,6.2,4,Laber bris,,97.2,1008.4,100,95.3,53.9,98.4,24.2,22.32,51,Ngong_Ping
2026-07-26T17:00:00Z,2026-07-26T17:16:33Z,2026-07-28T20:00:00Z,24.4,135.9,7.6,4,Laber bris,,96.4,1008.6,100,67.2,48.4,98.4,23.8,27.36,52,Ngong_Ping
2026-07-26T17:00:00Z,2026-07-26T17:16:33Z,2026-07-28T21:00:00Z,24.4,108.1,5.8,4,Laber bris,,96.4,1008.6,100,96.1,36.7,93.7,23.8,20.88,53,Ngong_Ping
2026-07-26T17:00:00Z,2026-07-26T17:16:33Z,2026-07-28T22:00:00Z,24.5,108.5,6.5,4,Laber bris,,96,1008.9,100,100,60.9,98.4,23.8,23.4,54,Ngong_Ping
2026-07-26T17:00:00Z,2026-07-26T17:16:33Z,2026-07-28T23:00:00Z,25.1,123.5,7,4,Laber bris,,94.5,1009.5,100,100,35.9,91.4,24,25.2,55,Ngong_Ping
2026-07-26T17:00:00Z,2026-07-26T17:16:33Z,2026-07-29T00:00:00Z,25.5,100.8,6.5,4,Laber bris,,94.4,1009.5,96.1,76.6,7,78.9,24.5,23.4,56,Ngong_Ping
2026-07-26T17:00:00Z,2026-07-26T17:16:33Z,2026-07-29T01:00:00Z,25.4,112.9,7.5,4,Laber bris,,94,1010.7,100,100,50,98.4,24.4,27,57,Ngong_Ping
2026-07-26T17:00:00Z,2026-07-26T17:16:33Z,2026-07-29T02:00:00Z,25.4,102.3,8.1,5,Frisk bris,,93.7,1010.7,100,78.9,3.1,99.2,24.2,29.16,58,Ngong_Ping
2026-07-26T17:00:00Z,2026-07-26T17:16:33Z,2026-07-29T03:00:00Z,25.9,96.9,7.9,4,Laber bris,,89.8,1011.1,100,100,72.7,97.7,24.1,28.44,59,Ngong_Ping
2026-07-26T17:00:00Z,2026-07-26T17:16:33Z,2026-07-29T04:00:00Z,25.3,88.3,7.6,4,Laber bris,,93.7,1010.6,100,98.4,59.4,99.2,24.2,27.36,60,Ngong_Ping
2026-07-26T17:00:00Z,2026-07-26T17:16:33Z,2026-07-29T05:00:00Z,25.3,82.5,7.8,4,Laber bris,,93,1009.8,100,98.4,25.8,95.3,24,28.08,61,Ngong_Ping
2026-07-26T17:00:00Z,2026-07-26T17:16:33Z,2026-07-29T06:00:00Z,26.6,106,7.9,4,Laber bris,,86.2,1009.4,100,99.2,80.5,89.8,24.2,28.44,62,Ngong_Ping
2026-07-26T17:00:00Z,2026-07-26T17:16:33Z,2026-07-29T12:00:00Z,26,112.5,4.9,3,Lett bris,,90.8,1009,98.4,47.7,16.4,96.9,24.4,17.64,63,Ngong_Ping
2026-07-26T17:00:00Z,2026-07-26T17:16:33Z,2026-07-29T18:00:00Z,25.9,122.9,4.3,3,Lett bris,,91.8,1008.4,100,39.8,10.9,100,24.5,15.48,64,Ngong_Ping
2026-07-26T17:00:00Z,2026-07-26T17:16:33Z,2026-07-30T00:00:00Z,25.7,121,3.8,3,Lett bris,,94.9,1009.5,100,100,10.2,71.9,24.9,13.68,65,Ngong_Ping
2026-07-26T17:00:00Z,2026-07-26T17:16:33Z,2026-07-30T06:00:00Z,26,134.7,3.6,3,Lett bris,,92,1010,85.2,19.5,5.5,81.2,24.6,12.96,66,Ngong_Ping
2026-07-26T17:00:00Z,2026-07-26T17:16:33Z,2026-07-30T12:00:00Z,26.1,115.6,3.2,2,Svak vind,,92.2,1010,99.2,39.1,0.8,98.4,24.8,11.52,67,Ngong_Ping
2026-07-26T17:00:00Z,2026-07-26T17:16:33Z,2026-07-30T18:00:00Z,26.2,134,3.2,2,Svak vind,,90.6,1009.7,100,16.4,21.1,100,24.6,11.52,68,Ngong_Ping
2026-07-26T17:00:00Z,2026-07-26T17:16:33Z,2026-07-31T00:00:00Z,26.4,104.4,3.1,2,Svak vind,,89.2,1010.2,95.3,21.1,5.5,93.7,24.5,11.16,69,Ngong_Ping
2026-07-26T17:00:00Z,2026-07-26T17:16:33Z,2026-07-31T06:00:00Z,26.4,142.5,2.7,2,Svak vind,,84.9,1009.6,99.2,71.1,9.4,98.4,23.7,9.72,70,Ngong_Ping
2026-07-26T17:00:00Z,2026-07-26T17:16:33Z,2026-07-31T12:00:00Z,25.9,152.1,2.4,2,Svak vind,,89.9,1009.6,100,18.7,1.6,100,24.1,8.64,71,Ngong_Ping
2026-07-26T17:00:00Z,2026-07-26T17:16:33Z,2026-07-31T18:00:00Z,26.3,141.9,3,2,Svak vind,,88.8,1008.8,100,21.9,2.3,100,24.4,10.8,72,Ngong_Ping
2026-07-26T17:00:00Z,2026-07-26T17:16:33Z,2026-08-01T00:00:00Z,24.9,192.4,2.4,2,Svak vind,,96.2,1010.7,100,98.4,99.2,100,24.2,8.64,73,Ngong_Ping
2026-07-26T17:00:00Z,2026-07-26T17:16:33Z,2026-08-01T06:00:00Z,24.5,192.9,2.3,2,Svak vind,,96,1008.7,100,21.1,53.9,100,23.8,8.28,74,Ngong_Ping
2026-07-26T17:00:00Z,2026-07-26T17:16:33Z,2026-08-01T12:00:00Z,25.5,138.7,2.6,2,Svak vind,,94.9,1008.5,100,23.4,98.4,100,24.7,9.36,75,Ngong_Ping
2026-07-26T17:00:00Z,2026-07-26T17:16:33Z,2026-08-01T18:00:00Z,25,172,2.7,2,Svak vind,,96.4,1009,100,22.7,99.2,100,24.3,9.72,76,Ngong_Ping
2026-07-26T17:00:00Z,2026-07-26T17:16:33Z,2026-08-02T00:00:00Z,25.2,163.9,2.9,2,Svak vind,,96.5,1010.1,100,96.9,100,100,24.5,10.44,77,Ngong_Ping
2026-07-26T17:00:00Z,2026-07-26T17:16:33Z,2026-08-02T06:00:00Z,25.7,162.4,3,2,Svak vind,,95.1,1008.9,100,41.4,100,100,24.9,10.8,78,Ngong_Ping
2026-07-26T17:00:00Z,2026-07-26T17:16:33Z,2026-08-02T12:00:00Z,25.4,160.1,2.6,2,Svak vind,,95.4,1008.6,100,30.5,0,100,24.7,9.36,79,Ngong_Ping
2026-07-26T17:00:00Z,2026-07-26T17:16:33Z,2026-08-02T18:00:00Z,25.6,142.4,3.3,2,Svak vind,,94.6,1008.3,100,21.9,54.7,100,24.7,11.88,80,Ngong_Ping
2026-07-26T17:00:00Z,2026-07-26T17:16:33Z,2026-08-03T00:00:00Z,24.6,158.7,3,2,Svak vind,,97.1,1009.3,100,43,87.5,100,24,10.8,81,Ngong_Ping
2026-07-26T17:00:00Z,2026-07-26T17:16:33Z,2026-08-03T06:00:00Z,25.2,147.6,2.5,2,Svak vind,,95.8,1009.3,100,17.2,15.6,100,24.5,9,82,Ngong_Ping
2026-07-26T17:00:00Z,2026-07-26T17:16:33Z,2026-08-03T12:00:00Z,25.3,145.6,2,2,Svak vind,,91.4,1008.6,100,7,0,100,23.7,7.2,83,Ngong_Ping
2026-07-26T17:00:00Z,2026-07-26T17:16:33Z,2026-08-03T18:00:00Z,25.5,114.9,2.7,2,Svak vind,,93.4,1008.3,96.9,23.4,0,96.1,24.3,9.72,84,Ngong_Ping
2026-07-26T17:00:00Z,2026-07-26T17:16:33Z,2026-08-04T00:00:00Z,26,174,3,2,Svak vind,,92,1008.8,99.2,42.2,0,98.4,24.7,10.8,85,Ngong_Ping
2026-07-26T17:00:00Z,2026-07-26T17:16:33Z,2026-08-04T06:00:00Z,29.1,168.4,2.7,2,Svak vind,,76.7,1007.9,92.2,4.7,0,92.2,24.6,9.72,86,Ngong_Ping
2026-07-26T17:00:00Z,2026-07-26T17:16:33Z,2026-08-04T12:00:00Z,26.7,180.1,1.9,2,Svak vind,,90.1,1007.3,82.8,13.3,1.6,79.7,25.1,6.84,87,Ngong_Ping
2026-07-26T17:00:00Z,2026-07-26T17:16:33Z,2026-08-04T18:00:00Z,25.9,185.8,1,1,Flau vind,,94.4,1007.8,12.5,7,0,6.2,25,3.6,88,Ngong_Ping
2026-07-26T17:00:00Z,2026-07-26T17:16:33Z,2026-08-05T00:00:00Z,27.1,197.5,2.3,2,Svak vind,,89.8,1008.7,30.5,25.8,7,0,25.4,8.28,89,Ngong_Ping
